﻿<?xml version="1.0" encoding="utf-8" ?>
<Advertisements>

  <Ad>
    <ImageUrl>Image\ad1.jpg</ImageUrl>
    <Impressions>5</Impressions>
  </Ad>

  <Ad>
    <ImageUrl>Image\ad2.jpg</ImageUrl>
    <Impressions>5</Impressions>
  </Ad>

  <Ad>
    <ImageUrl>Image\ad3.jpg</ImageUrl>
    <Impressions>5</Impressions>
  </Ad>

  <Ad>
    <ImageUrl>Image\ad4.jpg</ImageUrl>
    <Impressions>5</Impressions>
  </Ad>

  <Ad>
    <ImageUrl>Image\ad5.jpg</ImageUrl>
    <Impressions>5</Impressions>
  </Ad>
  <Ad>
    <ImageUrl>Image\ad6.jpg</ImageUrl>
    <Impressions>5</Impressions>
  </Ad>
</Advertisements>
